{
	"AQUI": [-68.08929769999997,-16.542929],
	"UMSA":[-68.12669949999997,-16.507674]
}